,human_evaluation
0,0
1,5
2,3
3,3
4,2
5,5
6,4
7,0
8,5
9,0
10,2
11,5
12,0
13,2
14,2
15,3
16,3
17,3
18,4
19,0
20,0
21,2
22,1
23,2
24,2
25,0
26,2
27,2
28,2
29,2
30,1
31,3
32,0
33,5
34,2
35,5
36,2
37,5
38,2
39,2
40,0
41,1
42,0
43,3
44,0
45,0
46,2
47,3
48,1
49,1
50,4
51,1
52,1
53,0
54,5
55,5
56,4
57,3
58,2
59,1
60,5
61,1
62,1
63,4
64,2
65,0
66,2
67,0
68,3
69,3
70,2
71,4
72,5
73,3
74,1
75,3
76,5
77,0
78,4
79,2
80,0
81,1
82,4
83,3
84,2
85,2
86,0
87,5
88,4
89,3
90,5
91,4
92,3
93,5
94,4
95,5
96,2
97,3
98,4
99,5
100,1
101,2
102,0
103,5
104,4
105,0
106,2
107,2
108,4
109,4
110,5
111,4
112,1
113,2
114,2
115,0
116,5
117,3
118,3
119,4
120,4
121,5
122,3
123,5
124,4
125,4
126,2
127,3
128,4
129,1
130,2
131,0
132,5
133,3
134,2
135,2
136,2
137,2
138,0
139,2
140,1
141,0
142,2
143,3
144,5
145,1
146,5
147,4
148,4
149,0
150,4
151,5
152,2
153,5
154,0
155,5
156,1
157,0
158,2
159,5
160,2
161,5
162,1
163,3
164,3
165,4
166,0
167,5
168,5
169,5
170,5
171,3
172,5
173,0
174,5
175,2
176,3
177,5
178,0
179,2
180,1
181,5
182,5
183,4
184,1
185,3
186,1
187,0
188,0
189,2
190,4
191,0
192,2
193,1
194,5
195,4
196,4
197,2
198,1
199,5
200,1
201,0
202,1
203,3
204,5
205,0
206,2
207,3
208,2
209,4
210,1
211,2
212,5
213,3
214,1
215,5
216,0
217,3
218,2
219,4
220,0
221,3
222,5
223,5
224,0
225,5
226,2
227,2
228,4
229,0
230,4
231,0
232,5
233,5
234,2
235,4
236,1
237,3
238,0
239,0
240,3
241,5
242,3
243,4
244,5
245,2
246,0
247,5
248,2
249,3
250,5
251,2
252,1
253,3
254,3
255,5
256,2
257,4
258,1
259,3
260,2
261,2
262,4
263,4
264,4
265,2
266,2
267,4
268,4
269,0
270,1
271,0
272,2
273,3
274,3
275,2
276,3
277,3
278,5
279,4
280,2
281,2
282,3
283,5
284,2
285,4
286,3
287,2
288,5
289,2
290,2
291,1
292,3
293,5
294,5
295,4
296,4
297,5
298,2
299,2
300,5
301,4
302,2
303,3
304,5
305,1
306,2
307,5
308,4
309,5
310,1
311,4
312,3
313,0
314,3
315,2
316,2
317,1
318,2
319,5
320,2
321,3
322,0
323,4
324,3
325,3
326,4
327,5
328,4
329,2
330,3
331,5
332,1
333,0
334,3
335,4
336,4
337,3
338,4
339,5
340,0
341,1
342,3
343,5
344,1
345,1
346,3
347,3
348,4
349,0
350,1
351,2
352,1
353,3
354,3
355,3
356,3
357,1
358,4
359,0
360,4
361,2
362,5
363,4
364,3
365,1
366,0
367,3
368,1
369,3
370,0
371,3
372,1
373,2
374,1
375,5
376,1
377,5
378,3
379,5
380,4
381,1
382,0
383,0
384,1
385,2
386,0
387,5
388,4
389,3
390,0
391,1
392,2
393,3
394,0
395,0
396,3
397,3
398,3
399,4
400,1
401,3
402,0
403,5
404,5
405,2
406,0
407,1
408,3
409,0
410,5
411,1
412,3
413,5
414,1
415,2
416,5
417,0
418,1
419,1
420,0
421,4
422,1
423,1
424,5
425,0
426,2
427,3
428,0
429,3
430,4
431,0
432,2
433,3
434,3
435,0
436,0
437,5
438,2
439,5
440,4
441,2
442,4
443,1
444,3
445,1
446,3
447,2
448,1
449,1
450,3
451,3
452,5
453,4
454,2
455,3
456,5
457,0
458,3
459,0
460,1
461,4
462,3
463,4
464,0
465,0
466,2
467,5
468,1
469,1
470,5
471,2
472,5
473,0
474,3
475,0
476,2
477,4
478,1
479,0
480,5
481,2
482,0
483,5
484,1
485,4
486,3
487,5
488,4
489,1
490,0
491,1
492,1
493,2
494,4
495,0
496,1
497,5
498,2
499,1
500,0
501,5
502,4
503,0
504,1
505,5
506,4
507,0
508,2
509,4
510,5
511,0
512,3
513,3
514,1
515,2
516,2
517,1
518,4
519,2
520,1
521,5
522,0
523,4
524,4
525,0
526,3
527,1
528,5
529,2
530,4
531,4
532,2
533,4
534,1
535,2
536,3
537,3
538,0
539,4
540,1
541,4
542,4
543,4
544,0
545,4
546,2
547,5
548,4
549,3
550,2
551,2
552,0
553,5
554,1
555,1
556,4
557,5
558,1
559,3
560,1
561,2
562,1
563,4
564,1
565,4
566,1
567,0
568,5
569,3
570,3
571,3
572,0
573,5
574,5
575,0
576,2
577,2
578,1
579,3
580,3
581,2
582,5
583,0
584,5
585,5
586,1
587,3
588,5
589,1
590,5
591,1
592,2
593,3
594,3
595,0
596,5
597,0
598,1
599,5
600,3
601,3
602,1
603,0
604,2
605,3
606,4
607,0
608,1
609,2
610,1
611,1
612,5
613,2
614,2
615,2
616,1
617,3
618,2
619,2
620,4
621,4
622,2
623,5
624,5
625,4
626,5
627,0
628,5
629,4
630,5
631,4
632,1
633,5
634,1
635,4
636,5
637,2
638,3
639,0
640,1
641,4
642,0
643,0
644,5
645,5
646,5
647,2
648,3
649,1
650,2
651,5
652,4
653,4
654,1
655,2
656,2
657,4
658,5
659,1
660,2
661,5
662,4
663,4
664,3
665,1
666,4
667,0
668,4
669,5
670,0
671,4
672,1
673,4
674,2
675,2
676,5
677,4
678,3
679,2
680,2
681,2
682,1
683,4
684,5
685,5
686,3
687,1
688,3
689,5
690,1
691,0
692,3
693,1
694,3
695,2
696,4
697,0
698,4
699,5
700,5
701,0
702,3
703,4
704,3
705,5
706,4
707,3
708,2
709,1
710,5
711,2
712,2
713,5
714,5
715,2
716,5
717,3
718,1
719,3
720,1
721,3
722,4
723,0
724,4
725,2
726,4
727,1
728,0
729,5
730,5
731,1
732,0
733,0
734,4
735,1
736,2
737,3
738,3
739,4
740,2
741,0
742,0
743,0
744,1
745,4
746,1
747,2
748,5
749,4
750,0
751,0
752,2
753,4
754,3
755,2
756,5
757,1
758,0
759,1
760,2
761,2
762,3
763,3
764,5
765,4
766,4
767,4
768,0
769,1
770,5
771,1
772,1
773,3
774,4
775,3
776,4
777,5
778,5
779,3
780,5
781,3
782,3
783,2
784,1
785,5
786,1
787,3
788,2
789,3
790,3
791,5
792,3
793,4
794,5
795,1
796,0
797,4
798,4
799,1
800,0
801,3
802,1
803,5
804,4
805,2
806,1
807,2
808,1
809,4
810,3
811,1
812,0
813,2
814,5
815,1
816,1
817,3
818,5
819,3
820,3
821,1
822,5
823,4
824,3
825,0
826,0
827,4
828,3
829,5
830,3
831,2
832,0
833,5
834,4
835,4
836,5
837,3
838,2
839,0
840,5
841,0
842,5
843,2
844,2
845,4
846,4
847,4
848,3
849,1
850,5
851,3
852,5
853,5
854,1
855,1
856,5
857,4
858,1
859,2
860,1
861,3
862,4
863,5
864,2
865,3
866,4
867,3
868,4
869,4
870,3
871,0
872,5
873,5
874,2
875,5
876,0
877,2
878,4
879,5
880,0
881,0
882,3
883,1
884,5
885,5
886,0
887,3
888,5
889,0
890,4
891,4
892,3
893,3
894,2
895,2
896,2
897,2
898,0
899,2
900,3
901,4
902,2
903,1
904,5
905,2
906,0
907,1
908,2
909,5
910,1
911,1
912,5
913,2
914,4
915,5
916,3
917,5
918,3
919,5
920,1
921,1
922,5
923,4
924,5
925,3
926,0
927,3
928,1
929,1
930,4
931,2
932,5
933,0
934,3
935,5
936,4
937,5
938,4
939,3
940,3
941,3
942,2
943,4
944,4
945,0
946,2
947,2
948,2
949,0
950,4
951,1
952,4
953,4
954,3
955,0
956,3
957,2
958,2
959,2
960,5
961,1
962,1
963,4
964,3
965,2
966,4
967,5
968,0
969,2
970,4
971,0
972,2
973,4
974,2
975,3
976,2
977,1
978,4
979,2
980,0
981,3
982,4
983,1
984,4
985,4
986,5
987,4
988,3
989,5
990,2
991,4
992,0
993,0
994,4
995,5
996,2
997,1
998,5
999,0
1000,4
1001,4
1002,2
1003,1
1004,3
1005,3
1006,2
1007,3
1008,5
1009,0
1010,4
1011,3
1012,3
1013,3
1014,4
1015,4
1016,1
1017,3
1018,4
1019,2
1020,5
1021,4
1022,2
1023,3
1024,5
1025,0
1026,2
1027,0
1028,4
1029,3
1030,4
1031,5
1032,4
1033,4
1034,1
1035,4
1036,5
1037,4
1038,0
1039,0
1040,0
1041,3
1042,1
1043,0
1044,5
1045,1
1046,5
1047,3
1048,0
1049,5
1050,2
1051,4
1052,2
1053,3
1054,5
1055,0
1056,4
1057,1
1058,5
1059,4
1060,3
1061,4
1062,1
1063,0
1064,1
1065,5
1066,4
1067,4
1068,0
1069,4
1070,5
1071,1
1072,5
1073,4
1074,3
1075,1
1076,4
1077,4
1078,3
1079,0
1080,1
1081,0
1082,5
1083,4
1084,5
1085,5
1086,5
1087,5
1088,4
1089,0
1090,2
1091,1
1092,4
1093,3
1094,3
1095,4
1096,0
1097,2
1098,5
1099,4
1100,2
1101,5
1102,0
1103,0
1104,4
1105,3
1106,5
1107,5
1108,2
1109,3
1110,3
1111,3
1112,2
1113,3
1114,0
1115,1
1116,0
1117,0
1118,5
1119,3
1120,0
1121,4
1122,0
1123,4
1124,5
1125,3
1126,3
1127,1
1128,4
1129,4
1130,3
1131,1
1132,0
1133,3
1134,0
1135,3
1136,5
1137,2
1138,0
1139,1
1140,3
1141,3
1142,5
1143,5
1144,4
1145,3
1146,5
1147,4
1148,1
1149,4
1150,3
1151,4
1152,4
1153,5
1154,2
1155,4
1156,4
1157,1
1158,0
1159,3
1160,3
1161,5
1162,4
1163,2
1164,0
1165,1
1166,0
1167,1
1168,2
1169,0
1170,1
1171,0
1172,5
1173,3
1174,0
1175,0
1176,4
1177,4
1178,5
1179,4
1180,4
1181,4
1182,5
1183,1
1184,0
1185,4
1186,5
1187,4
1188,5
1189,2
1190,4
1191,0
1192,1
1193,5
1194,2
1195,5
1196,2
1197,4
1198,4
1199,4
1200,4
1201,5
1202,3
1203,5
1204,4
1205,1
1206,2
1207,0
1208,0
1209,4
1210,4
1211,5
1212,3
1213,4
1214,0
1215,1
1216,4
1217,0
1218,0
1219,3
1220,2
1221,4
1222,2
1223,1
1224,3
1225,2
1226,1
1227,1
1228,4
1229,3
1230,4
1231,0
1232,1
1233,1
1234,3
1235,3
1236,5
1237,3
1238,1
1239,1
1240,3
1241,5
1242,1
1243,0
1244,0
1245,3
1246,0
1247,2
1248,4
1249,1
1250,5
1251,2
1252,4
1253,1
1254,1
1255,5
1256,5
1257,1
1258,5
1259,4
1260,0
1261,4
1262,0
1263,1
1264,2
1265,1
1266,1
1267,0
1268,4
1269,4
1270,1
1271,5
1272,3
1273,1
1274,0
1275,3
1276,0
1277,1
1278,3
1279,1
1280,5
1281,1
1282,4
1283,3
1284,4
1285,0
1286,5
1287,0
1288,2
1289,1
1290,0
1291,5
1292,2
1293,5
1294,5
1295,0
1296,3
1297,5
1298,4
1299,1
1300,3
1301,1
1302,2
1303,3
1304,0
1305,5
1306,4
1307,0
1308,5
1309,0
1310,5
1311,4
1312,1
1313,1
1314,1
1315,4
1316,1
1317,1
1318,1
1319,3
1320,4
1321,5
1322,5
1323,2
1324,1
1325,5
1326,4
1327,1
1328,3
1329,4
1330,1
1331,4
1332,1
1333,4
1334,3
1335,3
1336,3
1337,2
1338,1
1339,5
1340,3
1341,2
1342,5
1343,3
1344,1
1345,5
1346,3
1347,0
1348,0
1349,4
1350,5
1351,0
1352,0
1353,4
1354,0
1355,3
1356,2
1357,0
1358,1
1359,4
1360,5
1361,3
1362,1
1363,5
1364,2
1365,5
1366,4
1367,4
1368,2
1369,0
1370,4
1371,0
1372,1
1373,2
1374,2
1375,0
1376,5
1377,5
1378,5
1379,2
1380,1
1381,2
1382,0
1383,4
1384,2
1385,1
1386,4
1387,1
1388,2
1389,2
1390,1
1391,2
1392,2
1393,3
1394,4
1395,2
1396,0
1397,3
1398,4
1399,4
1400,4
1401,5
1402,5
1403,5
1404,3
1405,5
1406,2
1407,4
1408,3
1409,1
1410,0
1411,5
1412,4
1413,1
1414,0
1415,0
1416,3
1417,4
1418,5
1419,1
1420,1
1421,2
1422,0
1423,1
1424,4
1425,3
1426,0
1427,0
1428,1
1429,1
1430,2
1431,0
1432,0
1433,3
1434,4
1435,0
1436,0
1437,4
1438,2
1439,2
1440,3
1441,4
1442,5
1443,5
1444,2
1445,4
1446,1
1447,1
1448,2
1449,5
1450,1
1451,3
1452,1
1453,5
1454,3
1455,2
1456,3
1457,2
1458,4
1459,4
1460,3
1461,4
1462,2
1463,5
1464,2
1465,1
1466,4
1467,0
1468,5
1469,1
1470,3
1471,1
1472,3
1473,5
1474,2
1475,4
1476,0
1477,0
1478,1
1479,1
1480,5
1481,2
1482,4
1483,4
1484,2
1485,0
1486,5
1487,4
1488,0
1489,2
1490,3
1491,2
1492,0
1493,2
1494,3
1495,5
1496,1
1497,1
1498,5
1499,0
1500,1
1501,0
1502,3
1503,4
1504,5
1505,3
1506,1
1507,1
1508,1
1509,1
1510,5
1511,3
1512,2
1513,1
1514,4
1515,2
1516,1
1517,5
1518,4
1519,0
1520,0
1521,0
1522,0
1523,1
1524,4
1525,4
1526,0
1527,2
1528,5
1529,0
1530,5
1531,1
1532,2
1533,5
1534,5
1535,3
1536,5
1537,3
1538,0
1539,4
1540,4
1541,5
1542,2
1543,2
1544,4
1545,3
1546,5
1547,5
1548,5
1549,0
1550,2
1551,3
1552,5
1553,5
1554,4
1555,3
1556,2
1557,5
1558,1
1559,3
1560,1
1561,5
1562,0
1563,0
1564,0
1565,2
1566,4
1567,4
1568,4
1569,3
1570,0
1571,0
1572,4
1573,1
1574,4
1575,2
1576,0
1577,0
1578,1
1579,3
1580,4
1581,0
1582,4
1583,1
1584,0
1585,3
1586,4
1587,1
1588,5
1589,3
1590,2
1591,4
1592,0
1593,1
1594,3
1595,1
1596,1
1597,5
1598,1
1599,5
1600,1
1601,5
1602,5
1603,1
1604,2
1605,4
1606,4
1607,4
1608,5
1609,2
1610,2
1611,2
1612,2
1613,5
1614,3
1615,3
1616,5
1617,2
1618,5
1619,1
1620,0
1621,3
1622,2
1623,0
1624,3
1625,1
1626,4
1627,2
1628,4
1629,3
1630,0
1631,4
1632,0
1633,3
1634,4
1635,2
1636,4
1637,3
1638,2
1639,0
1640,3
1641,3
1642,5
1643,0
1644,4
1645,4
1646,2
1647,2
1648,3
1649,0
1650,1
1651,3
1652,5
1653,5
1654,0
1655,2
1656,3
1657,2
1658,5
1659,3
1660,1
1661,0
1662,4
1663,4
1664,4
1665,2
1666,2
1667,3
1668,1
1669,3
1670,2
1671,2
1672,3
1673,4
1674,1
1675,4
1676,2
1677,4
1678,3
1679,3
1680,0
1681,0
1682,3
1683,2
1684,5
1685,4
1686,0
1687,2
1688,0
1689,1
1690,2
1691,5
1692,4
1693,5
1694,0
1695,4
1696,3
1697,5
1698,3
1699,3
1700,5
1701,5
1702,5
1703,1
1704,0
1705,4
1706,4
1707,1
1708,4
1709,5
1710,2
1711,2
1712,1
1713,3
1714,2
1715,0
1716,5
1717,3
1718,3
1719,2
1720,5
1721,0
1722,0
1723,0
1724,3
1725,4
1726,4
1727,4
1728,5
1729,2
1730,0
1731,0
1732,2
1733,5
1734,0
1735,5
1736,1
1737,0
1738,3
1739,3
1740,5
1741,1
1742,4
1743,4
1744,4
1745,3
1746,4
1747,2
1748,5
1749,4
1750,0
1751,3
1752,5
1753,5
1754,1
1755,3
1756,4
1757,5
1758,2
1759,5
1760,3
1761,3
1762,4
1763,4
1764,4
1765,4
1766,1
1767,1
1768,4
1769,2
1770,3
1771,2
1772,4
1773,5
1774,0
1775,4
1776,1
1777,1
1778,0
1779,1
1780,2
1781,2
1782,4
1783,0
1784,2
1785,4
1786,4
1787,4
1788,1
1789,4
1790,0
1791,5
1792,3
1793,1
1794,1
1795,1
1796,2
1797,0
1798,2
1799,2
1800,2
1801,3
1802,4
1803,2
1804,1
1805,0
1806,3
1807,5
1808,4
1809,4
1810,5
1811,3
1812,0
1813,4
1814,3
1815,1
1816,2
1817,0
1818,1
1819,2
1820,3
1821,4
1822,4
1823,3
1824,1
1825,2
1826,4
1827,1
1828,2
1829,3
1830,0
1831,1
1832,1
1833,0
1834,2
1835,5
1836,2
1837,5
1838,5
1839,0
1840,1
1841,5
1842,2
1843,0
1844,1
1845,2
1846,2
1847,3
1848,5
1849,2
1850,1
1851,2
1852,4
1853,1
1854,3
1855,2
1856,5
1857,5
1858,4
1859,4
1860,4
1861,5
1862,5
1863,2
1864,2
1865,0
1866,2
1867,4
1868,2
1869,3
1870,1
1871,3
1872,1
1873,5
1874,0
1875,0
1876,1
1877,0
1878,4
1879,1
1880,4
1881,3
1882,3
1883,4
1884,5
1885,2
1886,0
1887,1
1888,5
1889,3
1890,5
1891,5
1892,3
1893,0
1894,2
1895,5
1896,5
1897,1
1898,2
1899,5
1900,3
1901,4
1902,3
1903,1
1904,5
1905,4
1906,2
1907,1
1908,4
1909,3
1910,5
1911,3
1912,3
1913,0
1914,2
1915,5
1916,2
1917,3
1918,0
1919,0
1920,5
1921,4
1922,1
1923,1
1924,0
1925,2
1926,3
1927,5
1928,4
1929,3
1930,5
1931,2
1932,0
1933,1
1934,1
1935,2
1936,2
1937,4
1938,1
1939,0
1940,1
1941,2
1942,5
1943,3
1944,3
1945,3
1946,0
1947,2
1948,1
1949,4
1950,1
1951,5
1952,1
1953,5
1954,1
1955,4
1956,5
1957,4
1958,2
1959,4
1960,2
1961,2
1962,5
1963,4
1964,1
1965,0
1966,1
1967,1
1968,5
1969,4
1970,2
1971,3
1972,3
1973,2
1974,0
1975,1
1976,0
1977,5
1978,3
1979,4
1980,3
1981,1
1982,0
1983,5
1984,1
1985,5
1986,0
1987,5
1988,5
1989,5
1990,2
1991,5
1992,0
1993,0
1994,0
1995,3
1996,5
1997,4
1998,0
1999,4
2000,1
2001,5
2002,2
2003,2
2004,4
2005,3
2006,5
2007,5
2008,1
2009,5
2010,3
2011,1
2012,5
2013,4
2014,5
2015,0
2016,2
2017,0
2018,3
2019,0
2020,0
2021,1
2022,3
2023,2
2024,2
2025,0
2026,4
2027,1
2028,1
2029,3
2030,2
2031,2
2032,3
2033,4
2034,5
2035,5
2036,2
2037,5
2038,1
2039,1
2040,4
2041,5
2042,1
2043,3
2044,5
2045,5
2046,3
2047,1
2048,3
2049,1
2050,4
2051,1
2052,0
2053,5
2054,5
2055,3
2056,0
2057,2
2058,2
2059,3
2060,5
2061,0
2062,5
2063,1
2064,2
2065,0
2066,1
2067,3
2068,3
2069,4
2070,5
2071,3
2072,3
2073,1
2074,2
2075,3
2076,5
2077,5
2078,5
2079,1
2080,0
2081,5
2082,4
2083,2
2084,2
2085,5
2086,3
2087,1
2088,1
2089,3
2090,4
2091,3
2092,0
2093,3
2094,5
2095,0
2096,1
2097,2
2098,4
2099,3
2100,4
2101,2
2102,0
2103,4
2104,2
2105,1
2106,0
2107,5
2108,0
2109,3
2110,0
2111,5
2112,3
2113,4
2114,3
2115,5
2116,4
2117,3
2118,1
2119,2
2120,0
2121,5
2122,3
2123,2
2124,2
2125,1
2126,1
2127,4
2128,2
2129,2
2130,3
2131,2
2132,2
2133,1
2134,4
2135,4
2136,2
2137,5
2138,4
2139,3
2140,3
2141,3
2142,2
2143,4
2144,4
2145,1
2146,4
2147,3
2148,4
2149,2
2150,5
2151,1
2152,0
2153,3
2154,3
2155,0
2156,3
2157,0
2158,0
2159,1
2160,2
2161,3
2162,2
2163,0
2164,4
2165,5
2166,0
2167,1
2168,4
2169,4
2170,5
2171,1
2172,3
2173,5
2174,5
2175,2
2176,2
2177,5
2178,0
2179,4
2180,3
2181,3
2182,4
2183,5
2184,3
2185,2
2186,4
2187,3
2188,4
2189,0
2190,1
2191,4
2192,3
2193,1
2194,3
2195,0
2196,1
2197,3
2198,5
2199,4
2200,3
2201,4
2202,5
2203,1
2204,4
2205,1
2206,2
2207,5
2208,2
2209,5
2210,3
2211,3
2212,5
2213,2
2214,5
2215,1
2216,4
2217,5
2218,5
2219,2
2220,2
2221,1
2222,3
2223,1
2224,1
2225,5
2226,0
2227,5
2228,4
2229,2
2230,0
2231,3
2232,2
2233,2
2234,2
2235,4
2236,3
2237,0
2238,3
2239,3
2240,3
2241,1
2242,5
2243,0
2244,4
2245,4
2246,4
2247,4
2248,4
2249,5
2250,0
2251,4
2252,2
2253,4
2254,2
2255,4
2256,2
2257,4
2258,2
2259,2
2260,4
2261,1
2262,0
2263,2
2264,1
2265,4
2266,5
2267,5
2268,0
2269,5
2270,3
2271,0
2272,3
2273,1
2274,4
2275,1
2276,3
2277,3
2278,3
2279,2
2280,4
2281,5
2282,5
2283,4
2284,2
2285,2
2286,0
2287,0
2288,2
2289,3
2290,1
2291,4
2292,4
2293,4
2294,4
2295,5
2296,4
2297,2
2298,4
2299,4
2300,5
2301,1
2302,2
2303,0
2304,0
2305,4
2306,3
2307,4
2308,0
2309,1
2310,0
2311,0
2312,1
2313,2
2314,5
2315,1
2316,5
2317,5
2318,5
2319,1
2320,0
2321,1
2322,0
2323,4
2324,3
2325,0
2326,5
2327,5
2328,5
2329,2
2330,4
2331,2
2332,4
2333,5
2334,5
2335,4
2336,1
2337,1
2338,4
2339,3
2340,1
2341,0
2342,3
2343,2
2344,2
2345,0
2346,2
2347,4
2348,2
2349,3
2350,2
2351,1
2352,2
2353,4
2354,3
2355,0
2356,0
2357,4
2358,5
2359,4
2360,5
2361,1
2362,3
2363,3
2364,3
2365,2
2366,1
2367,2
2368,5
2369,4
2370,5
2371,1
2372,4
2373,4
2374,0
2375,3
2376,0
2377,3
2378,1
2379,2
2380,4
2381,4
2382,0
2383,2
2384,1
2385,0
2386,2
2387,3
2388,4
2389,0
2390,3
2391,1
2392,3
2393,0
2394,0
2395,3
2396,5
2397,2
2398,3
2399,2
2400,3
2401,5
2402,0
2403,4
2404,5
2405,2
2406,3
2407,3
2408,4
2409,1
2410,3
2411,0
2412,2
2413,5
2414,5
2415,4
2416,3
2417,3
2418,5
2419,5
2420,5
2421,2
2422,0
2423,0
2424,5
2425,0
2426,0
2427,3
2428,0
2429,2
2430,2
2431,4
2432,3
2433,3
2434,0
2435,2
2436,1
2437,1
2438,1
2439,5
2440,1
2441,5
2442,4
2443,0
2444,2
2445,4
2446,5
2447,1
2448,3
2449,3
2450,2
2451,3
2452,1
2453,1
2454,0
2455,5
2456,0
2457,1
2458,1
2459,2
2460,5
2461,2
2462,4
2463,5
2464,3
2465,1
2466,0
2467,4
2468,3
2469,2
2470,0
2471,1
2472,3
2473,4
2474,0
2475,4
2476,2
2477,4
2478,2
2479,4
2480,0
2481,5
2482,4
2483,2
2484,5
2485,0
2486,1
2487,3
2488,4
2489,2
2490,3
2491,3
2492,0
2493,5
2494,4
2495,3
2496,0
2497,5
2498,5
2499,3
2500,4
2501,3
2502,0
2503,3
2504,0
2505,1
2506,2
2507,3
2508,4
2509,0
2510,1
2511,2
2512,1
2513,1
2514,4
2515,4
2516,0
2517,3
2518,0
2519,4
2520,0
2521,1
2522,5
2523,3
2524,4
2525,2
2526,2
2527,1
2528,0
2529,5
2530,1
2531,5
2532,1
2533,4
2534,4
2535,3
2536,5
2537,2
2538,5
2539,5
2540,0
2541,4
2542,2
2543,3
2544,3
2545,2
2546,2
2547,0
2548,4
2549,4
2550,1
2551,5
2552,3
2553,4
2554,1
2555,2
2556,0
2557,2
2558,2
2559,5
2560,2
2561,2
2562,2
2563,4
2564,5
2565,0
2566,3
2567,2
2568,3
2569,2
2570,0
2571,1
2572,4
2573,1
2574,5
2575,2
2576,1
2577,4
2578,0
2579,1
2580,0
2581,3
2582,0
2583,2
2584,2
2585,3
2586,4
2587,1
2588,4
2589,0
2590,1
2591,0
2592,1
2593,4
2594,5
2595,4
2596,1
2597,1
2598,2
2599,3
2600,3
2601,2
2602,1
2603,5
2604,2
2605,5
2606,3
2607,3
2608,2
2609,0
2610,3
2611,0
2612,5
2613,0
2614,4
2615,5
2616,4
2617,1
2618,1
2619,2
2620,3
2621,0
2622,2
2623,0
2624,2
2625,2
2626,2
2627,4
2628,0
2629,0
2630,1
2631,4
2632,3
2633,2
2634,2
2635,3
2636,5
2637,5
2638,4
2639,2
2640,0
2641,2
2642,3
2643,3
2644,5
2645,1
2646,4
2647,2
2648,4
2649,5
2650,3
2651,0
2652,5
2653,2
2654,4
2655,5
2656,5
2657,3
2658,3
2659,0
2660,0
2661,4
2662,2
2663,5
2664,0
2665,3
2666,5
2667,4
2668,5
2669,0
2670,2
2671,3
2672,2
2673,4
2674,2
2675,5
2676,3
2677,2
2678,0
2679,5
2680,0
2681,4
2682,0
2683,5
2684,5
2685,5
2686,0
2687,2
2688,0
2689,2
2690,2
2691,3
2692,5
2693,0
2694,3
2695,1
2696,0
2697,0
2698,3
2699,2
2700,5
2701,0
2702,2
2703,3
2704,4
2705,0
2706,4
2707,0
2708,3
2709,1
2710,5
2711,5
2712,0
2713,0
2714,2
2715,1
2716,2
2717,5
2718,5
2719,5
2720,5
2721,1
2722,0
2723,5
2724,5
2725,1
2726,5
2727,5
2728,3
2729,1
2730,5
2731,4
2732,0
2733,1
2734,1
2735,4
2736,3
2737,5
2738,0
2739,5
2740,5
2741,0
2742,1
2743,1
2744,5
2745,5
2746,2
2747,5
2748,5
2749,5
2750,3
2751,1
2752,3
2753,4
2754,3
2755,4
2756,5
2757,1
2758,0
2759,0
2760,4
2761,5
2762,5
2763,5
2764,0
2765,3
2766,5
2767,5
2768,3
2769,3
2770,1
2771,5
2772,5
2773,1
2774,0
2775,3
2776,2
2777,1
2778,2
2779,5
2780,2
2781,5
2782,5
2783,4
2784,2
2785,3
2786,4
2787,1
2788,4
2789,5
2790,5
2791,0
2792,0
2793,4
2794,3
2795,3
2796,0
2797,0
2798,1
2799,1
2800,2
2801,0
2802,3
2803,0
2804,1
2805,3
2806,1
2807,2
2808,3
2809,1
2810,0
2811,1
2812,3
2813,4
2814,4
2815,0
2816,1
2817,0
2818,1
2819,4
2820,2
2821,2
2822,3
2823,4
2824,1
2825,3
2826,2
2827,4
2828,0
2829,0
2830,5
2831,2
2832,5
2833,0
2834,4
2835,3
2836,2
2837,0
2838,4
2839,4
2840,0
2841,2
2842,3
2843,0
2844,4
2845,2
2846,4
2847,2
2848,0
2849,4
2850,4
2851,2
2852,4
2853,0
2854,1
2855,2
2856,0
2857,3
2858,2
2859,5
2860,0
2861,0
2862,5
2863,5
2864,0
2865,5
2866,0
2867,2
2868,2
2869,5
2870,2
2871,5
2872,5
2873,2
2874,2
2875,5
2876,2
2877,4
2878,4
2879,5
2880,0
2881,0
2882,5
2883,3
2884,5
2885,5
2886,4
2887,1
2888,1
2889,4
2890,1
2891,4
2892,3
2893,0
2894,4
2895,1
2896,3
2897,3
2898,3
2899,5
2900,5
2901,1
2902,4
2903,5
2904,5
2905,3
2906,0
2907,4
2908,2
2909,2
2910,4
2911,2
2912,4
2913,0
2914,3
2915,5
2916,2
2917,5
2918,3
2919,5
2920,2
2921,2
2922,4
2923,3
2924,1
2925,0
2926,3
2927,4
2928,1
2929,3
2930,4
2931,3
2932,0
2933,5
2934,3
2935,2
2936,2
2937,4
2938,2
2939,3
2940,3
2941,0
2942,3
2943,1
2944,2
2945,4
2946,2
2947,5
2948,2
2949,3
2950,0
2951,3
2952,2
2953,5
2954,5
2955,3
2956,1
2957,4
2958,3
2959,2
2960,3
2961,5
2962,0
2963,5
2964,3
2965,5
2966,3
2967,2
2968,4
2969,1
2970,2
2971,1
2972,4
2973,0
2974,2
2975,1
2976,2
2977,4
2978,0
2979,1
2980,5
2981,2
2982,3
2983,4
2984,5
2985,5
2986,1
2987,0
2988,5
2989,3
2990,1
2991,0
2992,4
2993,3
2994,2
2995,2
2996,4
2997,4
2998,3
2999,1
3000,1
3001,3
3002,4
3003,5
3004,5
3005,4
3006,5
3007,5
3008,4
3009,4
3010,2
3011,5
3012,5
3013,5
3014,5
3015,5
3016,4
3017,4
3018,4
3019,5
3020,3
3021,3
3022,5
3023,4
3024,5
3025,1
3026,1
3027,3
3028,3
3029,2
3030,4
3031,4
3032,1
3033,1
3034,5
3035,2
3036,4
3037,0
3038,5
3039,2
3040,0
3041,5
3042,2
3043,3
3044,2
3045,2
3046,1
3047,0
3048,2
3049,1
3050,3
3051,1
3052,5
3053,4
3054,2
3055,0
3056,4
3057,2
3058,5
3059,4
3060,3
3061,1
3062,4
3063,4
3064,3
3065,2
3066,5
3067,1
3068,3
3069,3
3070,3
3071,5
3072,4
3073,0
3074,0
3075,0
3076,4
3077,5
3078,2
3079,4
3080,5
3081,4
3082,0
3083,2
3084,4
3085,5
3086,2
3087,0
3088,0
3089,2
3090,2
3091,0
3092,3
3093,2
3094,2
3095,2
3096,4
3097,0
3098,0
3099,5
3100,4
3101,1
3102,4
3103,2
3104,3
3105,5
3106,1
3107,3
3108,4
3109,5
3110,4
3111,4
3112,0
3113,2
3114,2
3115,1
3116,0
3117,2
3118,0
3119,0
3120,0
3121,5
3122,3
3123,5
3124,3
3125,0
3126,3
3127,2
3128,2
3129,1
3130,5
3131,2
3132,4
3133,5
3134,5
3135,2
3136,5
3137,3
3138,1
3139,5
3140,5
3141,0
3142,3
3143,5
3144,5
3145,2
3146,5
3147,4
3148,2
3149,1
3150,2
3151,2
3152,4
3153,4
3154,1
3155,3
3156,1
3157,1
3158,1
3159,2
3160,1
3161,1
3162,4
3163,1
3164,0
3165,0
3166,2
3167,4
3168,1
3169,5
3170,2
3171,3
3172,3
3173,3
3174,4
3175,5
3176,1
3177,4
3178,5
3179,3
3180,1
3181,1
3182,4
3183,1
3184,4
3185,2
3186,3
3187,4
3188,3
3189,0
3190,2
3191,4
3192,1
3193,1
3194,2
3195,3
3196,1
3197,1
3198,4
3199,0
3200,1
3201,4
3202,4
3203,5
3204,4
3205,0
3206,3
3207,2
3208,4
3209,3
3210,5
3211,3
3212,5
3213,1
3214,4
3215,5
3216,3
3217,5
3218,1
3219,2
3220,5
3221,2
3222,1
3223,5
3224,0
3225,4
3226,4
3227,4
3228,4
3229,1
3230,5
3231,0
3232,1
3233,5
3234,3
3235,5
3236,1
3237,3
3238,0
3239,2
3240,4
3241,2
3242,3
3243,4
3244,0
3245,1
3246,3
3247,2
3248,2
3249,4
3250,4
3251,4
3252,2
3253,1
3254,0
3255,1
3256,1
3257,4
3258,4
3259,0
3260,4
3261,3
3262,4
3263,1
3264,5
3265,4
3266,2
3267,1
3268,3
3269,4
3270,3
3271,5
3272,4
3273,5
3274,0
3275,3
3276,3
3277,5
3278,2
3279,0
3280,3
3281,1
3282,1
3283,1
3284,3
3285,2
3286,1
3287,3
3288,2
3289,5
3290,5
3291,2
3292,5
3293,4
3294,5
3295,3
3296,2
3297,0
3298,3
3299,2
3300,4
3301,1
3302,4
3303,2
3304,4
3305,1
3306,3
3307,0
3308,1
3309,2
3310,2
3311,3
3312,3
3313,5
3314,5
3315,2
3316,4
3317,1
3318,0
3319,2
3320,3
3321,5
3322,2
3323,5
3324,3
3325,5
3326,1
3327,5
3328,1
3329,4
3330,2
3331,1
3332,1
3333,0
3334,3
3335,4
3336,1
3337,4
3338,0
3339,3
3340,0
3341,0
3342,3
3343,5
3344,2
3345,4
3346,3
3347,0
3348,3
3349,5
3350,3
3351,2
3352,0
3353,1
3354,4
3355,3
3356,5
3357,3
3358,5
3359,0
3360,1
3361,4
3362,2
3363,4
3364,0
3365,2
3366,2
3367,3
3368,5
3369,0
3370,1
3371,0
3372,4
3373,1
3374,1
3375,0
3376,3
3377,5
3378,1
3379,4
3380,0
3381,3
3382,4
3383,3
3384,1
3385,2
3386,4
3387,3
3388,5
3389,1
3390,5
3391,4
3392,1
3393,5
3394,3
3395,2
3396,3
3397,2
3398,2
3399,0
3400,5
3401,3
3402,5
3403,2
3404,5
3405,4
3406,4
3407,2
3408,5
3409,4
3410,5
3411,5
3412,0
3413,2
3414,1
3415,1
3416,4
3417,4
3418,5
3419,5
3420,1
3421,3
3422,3
3423,4
3424,1
3425,4
3426,1
3427,3
3428,2
3429,4
3430,5
3431,3
3432,5
3433,5
3434,3
3435,0
3436,2
3437,4
3438,5
3439,1
3440,0
3441,5
3442,3
3443,1
3444,5
3445,4
3446,1
3447,3
3448,4
3449,3
3450,4
3451,4
3452,0
3453,3
3454,1
3455,2
3456,2
3457,3
3458,1
3459,5
3460,5
3461,0
3462,4
3463,4
3464,4
3465,0
3466,4
3467,2
3468,2
3469,1
3470,1
3471,5
3472,5
3473,3
3474,5
3475,5
3476,5
3477,2
3478,2
3479,1
3480,0
3481,4
3482,1
3483,5
3484,1
3485,4
3486,1
3487,0
3488,0
3489,0
3490,0
3491,1
3492,0
3493,0
3494,4
3495,5
3496,0
3497,4
3498,4
3499,4
3500,4
3501,4
3502,4
3503,4
3504,1
3505,3
3506,5
3507,2
3508,1
3509,5
3510,5
3511,5
3512,3
3513,5
3514,2
3515,5
3516,3
3517,4
3518,2
3519,3
3520,0
3521,0
3522,0
3523,2
3524,4
3525,4
3526,0
3527,3
3528,5
3529,2
3530,2
3531,3
3532,2
3533,5
3534,3
3535,4
3536,3
3537,3
3538,4
3539,0
3540,2
3541,1
3542,2
3543,5
3544,1
3545,2
3546,4
3547,4
3548,3
3549,1
3550,4
3551,5
3552,0
3553,4
3554,1
3555,2
3556,3
3557,4
3558,5
3559,5
3560,3
3561,1
3562,4
3563,3
3564,3
3565,4
3566,3
3567,1
3568,2
3569,5
3570,3
3571,3
3572,3
3573,5
3574,4
3575,5
3576,1
3577,4
3578,1
3579,4
3580,1
3581,4
3582,3
3583,4
3584,5
3585,5
3586,3
3587,3
3588,4
3589,4
3590,3
3591,4
3592,0
3593,2
3594,2
3595,3
3596,0
3597,1
3598,4
3599,5
3600,5
3601,4
3602,4
3603,2
3604,5
3605,4
3606,5
3607,4
3608,1
3609,2
3610,4
3611,4
3612,2
3613,1
3614,4
3615,1
3616,3
3617,3
3618,1
3619,1
3620,4
3621,4
3622,5
3623,2
3624,2
3625,4
3626,1
3627,1
3628,3
3629,5
3630,3
3631,5
3632,3
3633,3
3634,2
3635,0
3636,5
3637,0
3638,0
3639,1
3640,5
3641,2
3642,5
3643,3
3644,5
3645,2
3646,4
3647,0
3648,1
3649,2
3650,4
3651,5
3652,1
3653,0
3654,1
3655,1
3656,3
3657,4
3658,2
3659,3
3660,4
3661,5
3662,1
3663,3
3664,5
3665,2
3666,3
3667,4
3668,0
3669,0
3670,1
3671,4
3672,1
3673,1
3674,2
3675,5
3676,0
3677,0
3678,1
3679,2
3680,2
3681,5
3682,0
3683,3
3684,4
3685,4
3686,2
3687,1
3688,4
3689,3
3690,5
3691,2
3692,4
3693,3
3694,5
3695,2
3696,3
3697,1
3698,4
3699,2
3700,5
3701,1
3702,0
3703,0
3704,4
3705,4
3706,3
3707,3
3708,5
3709,5
3710,4
3711,3
3712,1
3713,3
3714,2
3715,4
3716,4
3717,1
3718,4
3719,5
3720,4
3721,3
3722,0
3723,3
3724,4
3725,0
3726,3
3727,5
3728,2
3729,1
3730,5
3731,5
3732,3
3733,2
3734,3
3735,0
3736,4
3737,2
3738,0
3739,4
3740,4
3741,1
3742,4
3743,4
3744,4
3745,0
3746,1
3747,4
3748,1
3749,2
3750,2
3751,4
3752,5
3753,4
3754,4
3755,5
3756,5
3757,1
3758,0
3759,5
3760,4
3761,4
3762,0
3763,1
3764,1
3765,0
3766,1
3767,4
3768,0
3769,0
3770,2
3771,4
3772,1
3773,4
3774,2
3775,1
3776,5
3777,4
3778,3
3779,0
3780,4
3781,1
3782,2
3783,4
3784,3
3785,3
3786,4
3787,1
3788,4
3789,3
3790,0
3791,4
3792,0
3793,2
3794,1
3795,3
3796,5
3797,5
3798,3
3799,1
3800,3
3801,4
3802,5
3803,2
3804,2
3805,1
3806,1
3807,0
3808,1
3809,4
3810,0
3811,2
3812,1
3813,0
3814,2
3815,2
3816,5
3817,1
3818,0
3819,0
3820,3
3821,5
3822,1
3823,5
3824,2
3825,4
3826,5
3827,2
3828,4
3829,2
3830,0
3831,1
3832,4
3833,2
3834,2
3835,3
3836,5
3837,2
3838,1
3839,4
3840,0
3841,3
3842,4
3843,5
3844,2
3845,0
3846,4
3847,0
3848,5
3849,4
3850,1
3851,3
3852,5
3853,4
3854,5
3855,3
3856,5
3857,1
3858,4
3859,5
3860,0
3861,1
3862,1
3863,4
3864,0
3865,3
3866,4
3867,4
3868,2
3869,5
3870,5
3871,5
3872,1
3873,5
3874,5
3875,0
3876,1
3877,3
3878,4
3879,1
3880,5
3881,3
3882,2
3883,5
3884,5
3885,0
3886,1
3887,3
3888,2
3889,4
3890,4
3891,4
3892,0
3893,1
3894,1
3895,5
3896,2
3897,3
3898,4
3899,2
3900,4
3901,4
3902,2
3903,4
3904,2
3905,5
3906,5
3907,4
3908,1
3909,0
3910,5
3911,3
3912,0
3913,5
3914,4
3915,1
3916,1
3917,3
3918,4
3919,2
3920,3
3921,3
3922,2
3923,0
3924,2
3925,3
3926,1
3927,5
3928,5
3929,4
3930,3
3931,0
3932,1
3933,4
3934,4
3935,4
3936,4
3937,3
3938,2
3939,0
3940,5
3941,1
3942,5
3943,1
3944,3
3945,5
3946,1
3947,4
3948,3
3949,2
3950,0
3951,0
3952,5
3953,0
3954,5
3955,2
3956,5
3957,1
3958,3
3959,4
3960,5
3961,2
3962,3
3963,5
3964,3
3965,1
3966,2
3967,5
3968,0
3969,1
3970,3
3971,4
3972,0
3973,5
3974,0
3975,1
3976,4
3977,5
3978,0
3979,3
3980,1
3981,3
3982,0
3983,3
3984,4
3985,1
3986,4
3987,5
3988,4
3989,3
3990,1
3991,2
3992,0
3993,5
3994,3
3995,0
3996,5
3997,0
3998,1
3999,2
4000,4
4001,5
4002,1
4003,0
4004,2
4005,4
4006,4
4007,1
4008,4
4009,2
4010,2
4011,5
4012,0
4013,0
4014,5
4015,4
4016,2
4017,4
4018,4
4019,2
4020,4
4021,3
4022,5
4023,3
4024,5
4025,2
4026,4
4027,1
4028,5
4029,0
4030,2
4031,4
4032,5
4033,5
4034,1
4035,5
4036,4
4037,5
4038,4
4039,3
4040,4
4041,5
4042,0
4043,1
4044,3
4045,0
4046,5
4047,0
4048,4
4049,3
4050,4
4051,5
4052,5
4053,5
4054,5
4055,1
4056,4
4057,5
4058,3
4059,5
4060,2
4061,4
4062,1
4063,3
4064,1
4065,0
4066,3
4067,3
4068,2
4069,5
4070,2
4071,5
4072,4
4073,4
4074,0
4075,4
4076,3
4077,5
4078,2
4079,2
4080,4
4081,3
4082,3
4083,3
4084,0
4085,1
4086,1
4087,5
4088,4
4089,0
4090,5
4091,4
4092,0
4093,0
4094,3
4095,4
4096,1
4097,4
4098,3
4099,2
4100,2
4101,1
4102,2
4103,2
4104,4
4105,3
4106,0
4107,0
4108,3
4109,2
4110,5
4111,1
4112,4
4113,0
4114,2
4115,2
4116,3
4117,3
4118,2
4119,0
4120,2
4121,5
4122,2
4123,0
4124,3
4125,5
4126,2
4127,1
4128,2
4129,1
4130,5
4131,1
4132,1
4133,3
4134,4
4135,3
4136,5
4137,2
4138,0
4139,5
4140,1
4141,2
4142,1
4143,4
4144,5
4145,5
4146,2
4147,4
4148,2
4149,1
4150,0
4151,0
4152,4
4153,3
4154,3
4155,0
4156,3
4157,1
4158,3
4159,3
4160,4
4161,1
4162,5
4163,3
4164,2
4165,0
4166,5
4167,5
4168,2
4169,5
4170,4
4171,4
4172,4
4173,0
4174,1
4175,5
4176,5
4177,3
4178,3
4179,2
4180,3
4181,5
4182,3
4183,3
4184,4
4185,4
4186,1
4187,4
4188,1
4189,5
4190,5
4191,4
4192,0
4193,2
4194,2
4195,5
4196,0
4197,0
4198,0
4199,1
4200,1
4201,3
4202,3
4203,0
4204,0
4205,4
4206,4
4207,1
4208,0
4209,4
4210,5
4211,4
4212,0
4213,1
4214,5
4215,4
4216,2
4217,1
4218,2
4219,3
4220,5
4221,4
4222,3
4223,5
4224,4
4225,5
4226,2
4227,1
4228,0
4229,1
4230,4
4231,2
4232,1
4233,4
4234,2
4235,1
4236,5
4237,2
4238,5
4239,5
4240,0
4241,3
4242,4
4243,2
4244,5
4245,5
4246,0
4247,1
4248,5
4249,1
4250,4
4251,1
4252,1
4253,1
4254,3
4255,0
4256,2
4257,4
4258,1
4259,5
4260,5
4261,2
4262,1
4263,4
4264,3
4265,0
4266,2
4267,0
4268,1
4269,5
4270,3
4271,4
4272,2
4273,3
4274,3
4275,5
4276,5
4277,2
4278,2
4279,5
4280,5
4281,3
4282,4
4283,5
4284,2
4285,4
4286,4
4287,1
4288,3
4289,2
4290,2
4291,1
4292,4
4293,0
4294,1
4295,1
4296,4
4297,1
4298,2
4299,0
4300,1
4301,3
4302,1
4303,4
4304,2
4305,3
4306,1
4307,2
4308,4
4309,5
4310,0
4311,2
4312,2
4313,4
4314,2
4315,2
4316,2
4317,5
4318,3
4319,1
4320,4
4321,2
4322,4
4323,4
4324,0
4325,3
4326,1
4327,3
4328,0
4329,4
4330,4
4331,2
4332,0
4333,2
4334,1
4335,0
4336,4
4337,2
4338,1
4339,4
4340,2
4341,3
4342,2
4343,0
4344,3
4345,3
4346,1
4347,3
4348,0
4349,3
4350,3
4351,5
4352,2
4353,1
4354,5
4355,4
4356,0
4357,4
4358,4
4359,5
4360,5
4361,4
4362,3
4363,4
4364,2
4365,5
4366,2
4367,4
4368,4
4369,3
4370,3
4371,5
4372,0
4373,4
4374,3
4375,5
4376,3
4377,2
4378,3
4379,3
4380,2
4381,4
4382,2
4383,0
4384,0
4385,4
4386,4
4387,4
4388,4
4389,0
4390,4
4391,4
4392,0
4393,4
4394,2
4395,0
4396,4
4397,3
4398,0
4399,4
4400,2
4401,4
4402,1
4403,5
4404,3
4405,0
4406,5
4407,5
4408,4
4409,0
4410,3
4411,4
4412,1
4413,4
4414,3
4415,5
4416,2
4417,3
4418,1
4419,0
4420,5
4421,3
4422,5
4423,5
4424,1
4425,0
4426,4
4427,5
4428,3
4429,0
4430,5
4431,2
4432,5
4433,0
4434,5
4435,3
4436,3
4437,3
4438,3
4439,1
4440,4
4441,0
4442,3
4443,0
4444,2
4445,4
4446,5
4447,5
4448,4
4449,0
4450,2
4451,3
4452,3
4453,4
4454,5
4455,3
4456,4
4457,0
4458,0
4459,4
4460,5
4461,3
4462,2
4463,5
4464,4
4465,3
4466,1
4467,5
4468,4
4469,3
4470,4
4471,5
4472,4
4473,2
4474,2
4475,4
4476,0
4477,0
4478,5
4479,5
4480,5
4481,5
4482,1
4483,2
4484,0
4485,4
4486,2
4487,4
4488,3
4489,5
4490,1
4491,1
4492,2
4493,4
4494,1
4495,0
4496,1
4497,5
4498,3
4499,5
4500,4
4501,3
4502,0
4503,1
4504,1
4505,2
4506,1
4507,5
4508,0
4509,0
4510,3
4511,5
4512,1
4513,3
4514,4
4515,2
4516,0
4517,1
4518,0
4519,4
4520,1
4521,2
4522,4
4523,4
4524,5
4525,1
4526,4
4527,5
4528,2
4529,2
4530,3
4531,0
4532,0
4533,3
4534,3
4535,3
4536,4
4537,4
4538,4
4539,2
4540,2
4541,1
4542,1
4543,2
4544,4
4545,0
4546,1
4547,5
4548,3
4549,4
4550,5
4551,4
4552,2
4553,4
4554,4
4555,4
4556,3
4557,2
4558,5
4559,3
4560,5
4561,3
4562,1
4563,0
4564,2
4565,3
4566,0
4567,4
4568,0
4569,4
4570,4
4571,0
4572,1
4573,0
4574,5
4575,5
4576,1
4577,1
4578,2
4579,5
4580,0
4581,4
4582,1
4583,4
4584,3
4585,5
4586,2
4587,1
4588,5
4589,5
4590,5
4591,1
4592,5
4593,3
4594,4
4595,4
4596,5
4597,0
4598,5
4599,5
4600,4
4601,4
4602,5
4603,2
4604,4
4605,5
4606,2
4607,5
4608,2
4609,0
4610,2
4611,2
4612,4
4613,4
4614,4
4615,5
4616,2
4617,4
4618,3
4619,3
4620,4
4621,3
4622,1
4623,2
4624,3
4625,1
4626,2
4627,2
4628,5
4629,4
4630,3
4631,4
4632,2
4633,5
4634,5
4635,1
4636,2
4637,5
4638,4
4639,2
4640,2
4641,5
4642,4
4643,0
4644,2
4645,5
4646,5
4647,0
4648,4
4649,5
4650,1
4651,2
4652,1
4653,1
4654,5
4655,5
4656,3
4657,3
4658,1
4659,3
4660,3
4661,4
4662,1
4663,5
4664,0
4665,1
4666,2
4667,4
4668,0
4669,1
4670,4
4671,4
4672,2
4673,3
4674,4
4675,0
4676,1
4677,4
4678,0
4679,1
4680,4
4681,1
4682,2
4683,4
4684,3
4685,3
4686,3
4687,5
4688,3
4689,1
4690,2
4691,1
4692,2
4693,5
4694,4
4695,2
4696,3
4697,5
4698,5
4699,4
4700,4
4701,1
4702,1
4703,1
4704,3
4705,1
4706,0
4707,0
4708,2
4709,3
4710,2
4711,1
4712,4
4713,4
4714,3
4715,2
4716,2
4717,3
4718,5
4719,1
4720,4
4721,1
4722,4
4723,4
4724,3
4725,0
4726,4
4727,5
4728,0
4729,4
4730,5
4731,5
4732,0
4733,3
4734,5
4735,4
4736,4
4737,0
4738,0
4739,0
4740,2
4741,2
4742,2
4743,4
4744,0
4745,2
4746,3
4747,2
4748,3
4749,4
4750,0
4751,1
4752,1
4753,2
4754,2
4755,3
4756,1
4757,3
4758,2
4759,0
4760,2
4761,2
4762,3
4763,4
4764,0
4765,4
4766,1
4767,2
4768,3
4769,0
4770,5
4771,3
4772,5
4773,5
4774,2
4775,1
4776,4
4777,0
4778,1
4779,3
4780,5
4781,0
4782,0
4783,5
4784,3
4785,1
4786,1
4787,4
4788,2
4789,5
4790,1
4791,4
4792,3
4793,4
4794,4
4795,4
4796,3
4797,4
4798,0
4799,4
4800,3
4801,3
4802,2
4803,1
4804,5
4805,4
4806,4
4807,5
4808,0
4809,4
4810,5
4811,5
4812,5
4813,3
4814,3
4815,2
4816,3
4817,1
4818,3
4819,1
4820,5
4821,1
4822,1
4823,0
4824,1
4825,5
4826,4
4827,0
4828,2
4829,5
4830,4
4831,5
4832,5
4833,3
4834,1
4835,3
4836,5
4837,3
4838,5
4839,1
4840,2
4841,2
4842,0
4843,4
4844,1
4845,1
4846,1
4847,3
4848,2
4849,3
4850,1
4851,5
4852,0
4853,1
4854,1
4855,0
4856,2
4857,4
4858,1
4859,4
4860,1
4861,0
4862,4
4863,1
4864,1
4865,4
4866,1
4867,1
4868,3
4869,2
4870,2
4871,5
4872,2
4873,3
4874,1
4875,0
4876,2
4877,1
4878,4
4879,5
4880,1
4881,2
4882,0
4883,0
4884,4
4885,2
4886,3
4887,5
4888,4
4889,3
4890,5
4891,1
4892,4
4893,4
4894,2
4895,0
4896,1
4897,3
4898,5
4899,3
4900,3
4901,0
4902,4
4903,5
4904,4
4905,0
4906,5
4907,4
4908,1
4909,2
4910,4
4911,2
4912,3
4913,2
4914,0
4915,4
4916,5
4917,0
4918,5
4919,4
4920,2
4921,3
4922,4
4923,5
4924,5
4925,3
4926,0
4927,3
4928,4
4929,1
4930,3
4931,1
4932,4
4933,3
4934,4
4935,1
4936,2
4937,1
4938,4
4939,5
4940,3
4941,1
4942,4
4943,1
4944,0
4945,4
4946,4
4947,5
4948,5
4949,0
4950,2
4951,5
4952,1
4953,0
4954,3
4955,0
4956,0
4957,4
4958,3
4959,0
4960,2
4961,5
4962,2
4963,0
4964,4
4965,0
4966,1
4967,3
4968,0
4969,2
4970,4
4971,2
4972,3
4973,3
4974,1
4975,5
4976,3
4977,0
4978,3
4979,4
4980,1
4981,5
4982,5
4983,3
4984,2
4985,3
4986,4
4987,4
4988,0
4989,5
4990,0
4991,4
4992,5
4993,5
4994,5
4995,0
4996,0
4997,1
4998,2
4999,0
5000,5
5001,1
5002,4
5003,1
5004,3
5005,0
5006,0
5007,1
5008,2
5009,2
5010,5
5011,1
5012,0
5013,0
5014,5
5015,0
5016,4
5017,0
5018,2
5019,3
5020,2
5021,1
5022,0
5023,2
5024,2
5025,4
5026,1
5027,3
5028,2
5029,0
5030,3
5031,0
5032,5
5033,2
5034,0
5035,4
5036,2
5037,2
5038,1
5039,5
5040,0
5041,0
5042,3
5043,4
5044,1
5045,5
5046,1
5047,0
5048,4
5049,3
5050,4
5051,5
5052,1
5053,0
5054,3
5055,3
5056,4
5057,3
5058,0
5059,0
5060,5
5061,5
5062,5
5063,0
5064,1
5065,1
5066,3
5067,3
5068,2
5069,3
5070,0
5071,2
5072,4
5073,3
5074,0
5075,5
5076,4
5077,3
5078,1
5079,0
5080,0
5081,3
5082,3
5083,5
5084,1
5085,3
5086,5
5087,1
5088,0
5089,0
5090,5
5091,1
5092,1
5093,3
5094,3
5095,0
5096,3
5097,4
5098,5
5099,3
5100,3
5101,5
5102,3
5103,0
5104,5
5105,3
5106,5
5107,3
5108,5
5109,2
5110,2
5111,4
5112,3
5113,4
5114,1
5115,5
5116,2
5117,0
5118,5
5119,4
5120,0
5121,5
5122,4
5123,1
5124,3
5125,3
5126,4
5127,2
5128,2
5129,3
5130,5
5131,0
5132,0
5133,5
5134,2
5135,2
5136,4
5137,0
5138,3
5139,4
5140,0
5141,0
5142,5
5143,2
5144,4
5145,5
5146,0
5147,2
5148,0
5149,0
5150,1
5151,4
5152,1
5153,4
5154,5
5155,0
5156,4
5157,2
5158,1
5159,2
5160,0
5161,1
5162,3
5163,4
5164,1
5165,4
5166,3
5167,2
5168,1
5169,4
5170,4
5171,4
5172,5
5173,2
5174,5
5175,1
5176,5
5177,1
5178,0
5179,1
5180,1
5181,0
5182,3
5183,2
5184,2
5185,3
5186,5
5187,3
5188,3
5189,2
5190,4
5191,4
5192,5
5193,5
5194,0
5195,4
5196,2
5197,3
5198,3
5199,5
5200,1
5201,2
5202,5
5203,1
5204,2
5205,3
5206,2
5207,3
5208,1
5209,5
5210,5
5211,3
5212,4
5213,1
5214,5
5215,2
5216,2
5217,0
5218,5
5219,2
5220,4
5221,5
5222,3
5223,0
5224,2
5225,1
5226,3
5227,0
5228,4
5229,0
5230,3
5231,3
5232,0
5233,0
5234,5
5235,1
5236,1
5237,3
5238,4
5239,3
5240,1
5241,5
5242,5
5243,0
5244,2
5245,4
5246,1
5247,1
5248,3
5249,1
5250,1
5251,4
5252,5
5253,2
5254,1
5255,0
5256,4
5257,3
5258,3
5259,0
5260,2
5261,0
5262,2
5263,2
5264,1
5265,1
5266,1
5267,4
5268,5
5269,2
5270,0
5271,0
5272,1
5273,3
5274,2
5275,2
5276,0
5277,5
5278,0
5279,3
5280,3
5281,1
5282,3
5283,0
5284,4
5285,1
5286,4
5287,0
5288,3
5289,1
5290,0
5291,4
5292,4
5293,3
5294,2
5295,5
5296,5
5297,2
5298,0
5299,4
5300,2
5301,0
5302,0
5303,4
5304,0
5305,1
5306,5
5307,1
5308,3
5309,1
5310,3
5311,2
5312,4
5313,4
5314,4
5315,4
5316,4
5317,2
5318,1
5319,1
5320,3
5321,0
5322,4
5323,5
5324,0
5325,5
5326,4
5327,1
5328,5
5329,4
5330,0
5331,3
5332,4
5333,1
5334,5
5335,3
5336,2
5337,0
5338,3
5339,0
5340,0
5341,3
5342,1
5343,5
5344,3
5345,2
5346,0
5347,3
5348,3
5349,0
5350,4
5351,3
5352,2
5353,4
5354,5
5355,4
5356,2
5357,3
5358,1
5359,0
5360,5
5361,1
5362,4
5363,2
5364,0
5365,2
5366,4
5367,5
5368,4
5369,4
5370,0
5371,1
5372,2
5373,3
5374,0
5375,4
5376,3
5377,0
5378,3
5379,5
5380,3
5381,0
5382,4
5383,4
5384,4
5385,3
5386,0
5387,5
5388,5
5389,3
5390,3
5391,5
5392,4
5393,4
5394,5
5395,2
5396,1
5397,5
5398,4
5399,3
5400,0
5401,0
5402,3
5403,1
5404,5
5405,3
5406,3
5407,0
5408,4
5409,2
5410,5
5411,2
5412,5
5413,2
5414,3
5415,3
5416,1
5417,0
5418,3
5419,5
5420,3
5421,3
5422,4
5423,4
5424,5
5425,0
5426,0
5427,1
5428,4
5429,5
5430,2
5431,1
5432,0
5433,0
5434,4
5435,3
5436,1
5437,0
5438,1
5439,5
5440,4
5441,4
5442,2
5443,4
5444,3
5445,1
5446,5
5447,2
5448,0
5449,1
5450,2
5451,5
5452,5
5453,0
5454,3
5455,4
5456,3
5457,4
5458,2
5459,3
5460,1
5461,5
5462,5
5463,3
5464,5
5465,4
5466,2
5467,2
5468,5
5469,1
5470,2
5471,0
5472,0
5473,3
5474,4
5475,5
5476,2
5477,3
5478,4
5479,1
5480,4
5481,5
5482,0
5483,4
5484,2
5485,3
5486,2
5487,0
5488,4
5489,5
5490,2
5491,2
5492,2
5493,0
5494,1
5495,2
5496,1
5497,3
5498,1
5499,0
5500,5
5501,2
5502,4
5503,2
5504,3
5505,2
5506,3
5507,2
5508,4
5509,3
5510,2
5511,2
5512,2
5513,4
5514,4
5515,1
5516,5
5517,5
5518,5
5519,4
5520,1
5521,5
5522,5
5523,1
5524,5
5525,3
5526,4
5527,4
5528,5
5529,4
5530,3
5531,1
5532,0
5533,3
5534,1
5535,0
5536,3
5537,3
5538,3
5539,2
5540,2
5541,0
5542,4
5543,0
5544,0
5545,4
5546,3
5547,0
5548,4
5549,3
5550,2
5551,5
5552,1
5553,4
5554,5
5555,4
5556,5
5557,5
5558,3
5559,3
5560,0
5561,2
5562,5
5563,4
5564,0
5565,2
5566,3
5567,4
5568,5
5569,0
5570,3
5571,3
5572,1
5573,1
5574,4
5575,4
5576,3
5577,3
5578,4
5579,0
5580,3
5581,2
5582,5
5583,4
5584,5
5585,2
5586,4
5587,0
5588,5
5589,3
5590,0
5591,5
5592,4
5593,5
5594,2
5595,2
5596,2
5597,3
5598,0
5599,0
5600,5
5601,2
5602,0
5603,3
5604,1
5605,5
5606,4
5607,4
5608,1
5609,4
5610,0
5611,3
5612,3
5613,0
5614,3
5615,4
5616,4
5617,0
5618,5
5619,5
5620,2
5621,2
5622,4
5623,4
5624,5
5625,5
5626,4
5627,3
5628,4
5629,4
5630,1
5631,3
5632,4
5633,4
5634,4
5635,5
5636,4
5637,5
5638,4
5639,3
5640,5
5641,5
5642,5
5643,0
5644,5
5645,5
5646,0
5647,5
5648,4
5649,3
5650,3
5651,0
5652,1
5653,3
5654,2
5655,4
5656,4
5657,3
5658,1
5659,5
5660,2
5661,2
5662,1
5663,1
5664,3
5665,3
5666,2
5667,1
5668,4
5669,3
5670,3
5671,3
5672,3
5673,5
5674,4
5675,3
5676,0
5677,2
5678,5
5679,0
5680,3
5681,2
5682,4
5683,4
5684,3
5685,2
5686,0
5687,1
5688,0
5689,3
5690,5
5691,2
5692,5
5693,2
5694,0
5695,2
5696,0
5697,0
5698,4
5699,3
5700,5
5701,5
5702,3
5703,3
5704,2
5705,1
5706,0
5707,5
5708,2
5709,0
5710,3
5711,3
5712,2
5713,2
5714,5
5715,5
5716,3
5717,5
5718,2
5719,5
5720,2
5721,1
5722,4
5723,1
5724,2
5725,2
5726,4
5727,2
5728,0
5729,2
5730,1
5731,2
5732,2
5733,0
5734,0
5735,1
5736,0
5737,1
5738,5
5739,4
5740,1
5741,2
5742,5
5743,1
5744,2
5745,3
5746,2
5747,3
5748,4
5749,1
5750,3
5751,5
5752,2
5753,1
5754,2
5755,2
5756,0
5757,2
5758,4
5759,4
5760,3
5761,3
5762,4
5763,1
5764,1
5765,2
5766,2
5767,2
5768,1
5769,5
5770,3
5771,2
5772,0
5773,2
5774,4
5775,1
5776,5
5777,0
5778,3
5779,4
5780,5
5781,2
5782,3
5783,4
5784,2
5785,5
5786,2
5787,4
5788,3
5789,0
5790,1
5791,4
5792,5
5793,5
5794,3
5795,1
5796,1
5797,3
5798,3
5799,5
5800,2
5801,1
5802,5
5803,5
5804,2
5805,5
5806,1
5807,0
5808,1
5809,3
5810,5
5811,2
5812,2
5813,1
5814,0
5815,5
5816,1
5817,4
5818,0
5819,3
5820,1
5821,3
5822,1
5823,1
5824,1
5825,4
5826,4
5827,5
5828,4
5829,3
5830,4
5831,0
5832,0
5833,5
5834,1
5835,4
5836,5
5837,4
5838,5
5839,2
5840,0
5841,3
5842,4
5843,4
5844,2
5845,5
5846,2
5847,0
5848,0
5849,0
5850,3
5851,5
5852,0
5853,0
5854,4
5855,0
5856,2
5857,3
5858,1
5859,2
5860,0
5861,5
5862,1
5863,2
5864,3
5865,5
5866,2
5867,3
5868,3
5869,2
5870,4
5871,1
5872,5
5873,2
5874,2
5875,5
5876,1
5877,3
5878,3
5879,5
5880,2
5881,1
5882,3
5883,1
5884,4
5885,2
5886,4
5887,5
5888,2
5889,3
5890,4
5891,1
5892,3
5893,2
5894,1
5895,5
5896,0
5897,0
5898,1
5899,3
5900,3
5901,4
5902,0
5903,4
5904,1
5905,1
5906,5
5907,5
5908,2
5909,4
5910,5
5911,5
5912,2
5913,5
5914,3
5915,5
5916,5
5917,2
5918,0
5919,1
5920,4
5921,4
5922,4
5923,4
5924,4
5925,0
5926,3
5927,2
5928,3
5929,4
5930,0
5931,4
5932,0
5933,0
5934,0
5935,2
5936,5
5937,1
5938,4
5939,1
5940,4
5941,4
5942,4
5943,3
5944,3
5945,2
5946,3
5947,4
5948,2
5949,2
5950,4
5951,2
5952,5
5953,1
5954,4
5955,1
5956,5
5957,2
5958,2
5959,0
5960,4
5961,3
5962,5
5963,4
5964,4
5965,5
5966,2
5967,3
5968,1
5969,0
5970,3
5971,0
5972,5
5973,1
5974,3
5975,0
5976,1
5977,2
5978,4
5979,0
5980,5
5981,0
5982,1
5983,3
5984,3
5985,3
5986,3
5987,3
5988,4
5989,2
5990,3
5991,2
5992,5
5993,3
5994,2
5995,4
5996,3
5997,0
5998,4
5999,2
6000,2
6001,2
6002,4
6003,4
6004,4
6005,5
6006,3
6007,3
6008,1
6009,1
6010,4
6011,2
6012,1
6013,1
6014,5
6015,2
6016,4
6017,2
6018,4
6019,3
6020,1
6021,3
6022,3
6023,2
6024,4
6025,1
6026,4
6027,2
6028,0
6029,0
6030,1
6031,1
6032,4
6033,3
6034,0
6035,2
6036,4
6037,0
6038,0
6039,1
6040,3
6041,2
6042,1
6043,5
6044,5
6045,4
6046,4
6047,0
6048,5
6049,5
6050,1
6051,5
6052,4
6053,3
6054,4
6055,2
6056,5
6057,1
6058,5
6059,1
6060,2
6061,1
6062,4
6063,4
6064,0
6065,0
6066,5
6067,2
6068,1
6069,5
6070,4
6071,4
6072,3
6073,4
6074,3
6075,4
6076,5
6077,4
6078,0
6079,2
6080,2
6081,4
6082,1
6083,5
6084,4
6085,4
6086,0
6087,2
6088,0
6089,1
6090,1
6091,4
6092,0
6093,5
6094,4
6095,5
6096,1
6097,2
6098,0
6099,5
6100,2
6101,4
6102,4
6103,5
6104,3
6105,4
6106,3
6107,4
6108,2
6109,0
6110,2
6111,5
6112,5
6113,4
6114,1
6115,4
6116,4
6117,0
6118,2
6119,0
6120,4
6121,2
6122,2
6123,1
6124,4
6125,0
6126,2
6127,3
6128,3
6129,1
6130,3
6131,5
6132,4
6133,4
6134,3
6135,1
6136,3
6137,4
6138,5
6139,1
6140,5
6141,4
6142,5
6143,3
6144,3
6145,2
6146,3
6147,4
6148,4
6149,1
6150,5
6151,5
6152,2
6153,0
6154,4
6155,4
6156,0
6157,0
6158,5
6159,1
6160,1
6161,0
6162,3
6163,1
6164,2
6165,1
6166,1
6167,0
6168,4
6169,0
6170,5
6171,5
6172,3
6173,5
6174,4
6175,4
6176,3
6177,3
6178,3
6179,3
6180,5
6181,0
6182,3
6183,2
6184,4
6185,2
6186,1
6187,3
6188,2
6189,1
6190,1
6191,1
6192,3
6193,0
6194,1
6195,0
6196,5
6197,1
6198,1
6199,4
6200,3
6201,2
6202,4
6203,3
6204,5
6205,1
6206,1
6207,2
6208,2
6209,4
6210,1
6211,5
6212,4
6213,1
6214,3
6215,3
6216,2
6217,0
6218,4
6219,3
6220,0
6221,5
6222,1
6223,5
6224,3
6225,2
6226,4
6227,4
6228,2
6229,1
6230,2
6231,1
6232,3
6233,3
6234,4
6235,2
6236,4
6237,2
6238,4
6239,0
6240,5
6241,3
6242,4
6243,2
6244,0
6245,1
6246,2
6247,4
6248,3
6249,0
6250,5
6251,5
6252,4
6253,1
6254,5
6255,5
6256,0
6257,5
6258,3
6259,4
6260,5
6261,4
6262,2
6263,2
6264,4
6265,3
6266,3
6267,3
6268,3
6269,5
6270,2
6271,5
6272,4
6273,1
6274,3
6275,1
6276,2
6277,2
6278,2
6279,5
6280,3
6281,0
6282,2
6283,3
6284,0
6285,0
6286,2
6287,1
6288,5
6289,0
6290,3
6291,3
6292,0
6293,0
6294,0
6295,2
6296,1
6297,5
6298,3
6299,2
6300,5
6301,2
6302,0
6303,2
6304,3
6305,3
6306,5
6307,3
6308,2
6309,4
6310,1
6311,3
6312,4
6313,4
6314,4
6315,5
6316,3
6317,2
6318,4
6319,3
6320,1
6321,2
6322,3
6323,5
6324,1
6325,0
6326,3
6327,5
6328,0
6329,4
6330,5
6331,0
6332,2
6333,2
6334,4
6335,1
6336,1
6337,2
6338,1
6339,2
6340,3
6341,3
6342,5
6343,5
6344,5
6345,2
6346,4
6347,5
6348,4
6349,1
6350,4
6351,2
6352,2
6353,2
6354,4
6355,5
6356,2
6357,4
6358,5
6359,2
6360,4
6361,2
6362,4
6363,5
6364,3
6365,3
6366,2
6367,4
6368,3
6369,1
6370,3
6371,2
6372,2
6373,0
6374,1
6375,4
6376,3
6377,4
6378,3
6379,4
6380,4
6381,3
6382,0
6383,4
6384,4
6385,2
6386,0
6387,4
6388,1
6389,1
6390,1
6391,1
6392,1
6393,2
6394,5
6395,0
6396,0
6397,5
6398,5
6399,4
6400,3
6401,5
6402,0
6403,0
6404,4
6405,5
6406,5
6407,5
6408,0
6409,4
6410,4
6411,3
6412,0
6413,0
6414,4
6415,4
6416,4
6417,0
6418,2
6419,5
6420,2
6421,5
6422,2
6423,2
6424,4
6425,3
6426,4
6427,4
6428,1
6429,5
6430,1
6431,3
6432,0
6433,3
6434,3
6435,3
6436,0
6437,1
6438,2
6439,5
6440,4
6441,4
6442,1
6443,5
6444,0
6445,2
6446,4
6447,3
6448,2
6449,3
6450,4
6451,3
6452,2
6453,4
6454,0
6455,2
6456,4
6457,1
6458,5
6459,0
6460,2
6461,5
6462,4
6463,3
6464,2
6465,0
6466,3
6467,1
6468,2
6469,0
6470,2
6471,1
6472,2
6473,5
6474,4
6475,3
6476,2
6477,1
6478,4
6479,0
6480,5
6481,1
6482,2
6483,0
6484,3
6485,3
6486,5
6487,5
6488,2
6489,0
6490,2
6491,0
6492,1
6493,4
6494,0
6495,5
6496,0
6497,3
6498,0
6499,3
6500,5
6501,1
6502,5
6503,5
6504,2
6505,5
6506,1
6507,2
6508,2
6509,1
6510,0
6511,2
6512,5
6513,4
6514,4
6515,0
6516,2
6517,5
6518,4
6519,0
6520,5
6521,4
6522,0
6523,5
6524,3
6525,5
6526,2
6527,0
6528,3
6529,5
6530,5
6531,1
6532,1
6533,3
6534,4
6535,0
6536,5
6537,2
6538,5
6539,4
6540,5
6541,1
6542,4
6543,4
6544,5
6545,1
6546,3
6547,5
6548,1
6549,5
6550,5
6551,0
6552,3
6553,5
6554,0
6555,3
6556,3
6557,2
6558,3
6559,4
6560,4
6561,5
6562,2
6563,5
6564,2
6565,0
6566,5
6567,2
6568,2
6569,0
6570,3
6571,3
6572,1
6573,4
6574,1
6575,4
6576,4
6577,3
6578,1
6579,3
6580,5
6581,5
6582,4
6583,1
6584,2
6585,1
6586,2
6587,1
6588,3
6589,5
6590,2
6591,4
6592,3
6593,5
6594,4
6595,1
6596,4
6597,3
6598,5
6599,0
6600,5
6601,5
6602,5
6603,0
6604,5
6605,3
6606,3
6607,4
6608,5
6609,5
6610,1
6611,4
6612,5
6613,2
6614,5
6615,1
6616,2
6617,0
6618,1
6619,1
6620,2
6621,3
6622,0
6623,4
6624,1
6625,1
6626,5
6627,5
6628,2
6629,0
6630,1
6631,2
6632,3
6633,3
6634,1
6635,3
6636,0
6637,5
6638,3
6639,1
6640,0
6641,2
6642,2
6643,4
6644,0
6645,4
6646,3
6647,3
6648,0
6649,3
6650,4
6651,5
6652,4
6653,1
6654,5
6655,2
6656,1
6657,4
6658,4
6659,5
6660,3
6661,5
6662,5
6663,0
6664,5
6665,5
6666,4
6667,3
6668,2
6669,0
6670,5
6671,2
6672,3
6673,1
6674,3
6675,3
6676,1
6677,4
6678,5
6679,4
6680,1
6681,4
6682,3
6683,3
6684,5
6685,5
6686,3
6687,3
6688,1
6689,0
6690,4
6691,4
6692,3
6693,4
6694,4
6695,4
6696,4
6697,0
6698,1
6699,5
6700,4
6701,2
6702,3
6703,1
6704,4
6705,4
6706,2
6707,3
6708,4
6709,1
6710,1
6711,1
6712,4
6713,5
6714,5
6715,3
6716,5
6717,4
6718,4
6719,2
6720,2
6721,1
6722,5
6723,2
6724,2
6725,5
6726,2
6727,3
6728,1
6729,4
6730,5
6731,1
6732,4
6733,3
6734,1
6735,5
6736,5
6737,1
6738,5
6739,3
6740,4
6741,0
6742,2
6743,0
6744,1
6745,5
6746,4
6747,0
6748,4
6749,0
6750,4
6751,0
6752,1
6753,3
6754,2
6755,4
6756,4
6757,1
6758,2
6759,5
6760,2
6761,5
6762,0
6763,5
6764,3
6765,2
6766,4
6767,2
6768,4
6769,5
6770,0
6771,5
6772,2
6773,5
6774,2
6775,3
6776,5
6777,4
6778,5
6779,4
6780,5
6781,0
6782,5
6783,4
6784,4
6785,1
6786,2
6787,1
6788,4
6789,4
6790,2
6791,0
6792,3
6793,2
6794,4
6795,0
6796,0
6797,5
6798,4
6799,5
6800,3
6801,4
6802,1
6803,0
6804,0
6805,5
6806,1
6807,1
6808,3
6809,4
6810,3
6811,4
6812,5
6813,0
6814,1
6815,3
6816,0
6817,5
6818,5
6819,4
6820,1
6821,3
6822,4
6823,2
6824,3
6825,1
6826,2
6827,3
6828,1
6829,1
6830,2
6831,5
6832,0
6833,3
6834,0
6835,2
6836,1
6837,4
6838,5
6839,1
6840,2
6841,2
6842,1
6843,0
6844,2
6845,2
6846,0
6847,2
6848,4
6849,5
6850,2
6851,5
6852,0
6853,3
6854,3
6855,3
6856,1
6857,1
6858,1
6859,4
6860,2
6861,2
6862,0
6863,1
6864,0
6865,2
6866,1
6867,2
6868,1
6869,0
6870,2
6871,4
6872,5
6873,3
6874,3
6875,4
6876,1
6877,5
6878,4
6879,4
6880,2
6881,4
6882,2
6883,0
6884,1
6885,0
6886,2
6887,2
6888,3
6889,5
6890,4
6891,4
6892,4
6893,0
6894,5
6895,5
6896,2
6897,3
6898,4
6899,4
6900,4
6901,0
